Element Name,Type,DNA Sequence (5' → 3'),Amino Acid Sequence,Size (bp),Size (aa),Excitation (nm),Emission (nm),Host,Notes
EGFP,Fluorescent Reporter,ATGGTGAGCAAGGGCGAGGAGCTGTTCACCGGGGTGGTGCCCATCCTGGTCGAGCTGGACGGCGACGTAAACGGCCACAAGTTCAGCGTGTCCGGCGAGGGCGAGGGCGATGCCACCTACGGCAAGCTGACCCTGAAGTTCATCTGCACCACCGGCAAGCTGCCCGTGCCCTGGCCCACCCTCGTGACCACCTTCGGCTACGGCCTGCAGTGCTTCGCCCGCTACCCCGACCACATGAAGCAGCACGACTTCTTCAAGTCCGCCATGCCCGAAGGCTACGTCCAGGAGCGCACCATCTTCTTCAAGGACGACGGCAACTACAAGACCCGCGCCGAGGTGAAGTTCGAGGGCGACACCCTGGTGAACCGCATCGAGCTGAAGGGCATCGACTTCAAGGAGGACGGCAACATCCTGGGGCACAAGCTGGAGTACAACTACAACAGCCACAACGTCTATATCATGGCCGACAAGCAGAAGAACGGCATCAAGGTGAACTTCAAGATCCGCCACAACATCGAGGACGGCAGCGTGCAGCTCGCCGACCACTACCAGCAGAACACCCCCATCGGCGACGGCCCCGTGCTGCTGCCCGACAACCACTACCTGAGCTACCAGTCCGCCCTGAGCAAAGACCCCAACGAGAAGCGCGATCACATGGTCCTGCTGGAGTTCGTGACCGCCGCCGGGATCACTCTCGGCATGGACGAGCTGTACAAGTAA,,720,239,488,507,E. coli/mammalian,Enhanced Green Fluorescent Protein. Humanized A. victoria GFP with F64L/S65T mutations. Standard fluorescent marker for protein localization and expression.
mCherry,Fluorescent Reporter,MVSKGEEDNMAIIKEFMRFKVHMEGSVNGHEFEIEGEGEGRPYEGTQTAKLKVTKGGPLPFAWDILSPQFMYGSKAYVKHPADIPDYLKLSFPEGFKWERVMNFEDGGVVTVTQDSSLQDGEFIYKVKLRGTNFPSDGPVMQKKTMGWEASSERMYPEDGALKGEIKQRLKLKDGGHYDAEVKTTYKAKKPVQLPGAYNVNIKLDITSHNEDYTIVEQYERAEGRHSTGGMDELYK,708,236,587,610,E. coli/mammalian,mCherry red fluorescent protein. DsRed-derived monomer. Web fetch recommended for codon-optimized DNA sequence.
mNeonGreen,Fluorescent Reporter,,,717,239,506,517,E. coli/mammalian,Bright monomeric green fluorescent protein from Branchiostoma lanceolatum. Brighter than EGFP. Web fetch for sequence.
mTurquoise2,Fluorescent Reporter,,,720,239,434,474,E. coli/mammalian,Bright cyan fluorescent protein. Optimized for FRET donor applications. Web fetch for sequence.
mVenus,Fluorescent Reporter,,,720,239,515,528,E. coli/mammalian,Yellow fluorescent protein variant. Good for FRET acceptor with CFP. Web fetch for sequence.
Firefly Luciferase,Bioluminescent Reporter,,,1653,550,,,E. coli/mammalian,Photinus pyralis luciferase. Chemiluminescent reporter. Requires D-luciferin substrate. Web fetch for sequence.
Renilla Luciferase,Bioluminescent Reporter,,,936,311,,,E. coli/mammalian,Renilla reniformis luciferase. Used with coelenterazine. Often paired with firefly luc for dual reporter assays. Web fetch for sequence.
LacZ,Enzymatic Reporter,,,3075,1023,,,E. coli,Beta-galactosidase from E. coli lacZ. Cleaves X-gal (blue-white) or CPRG (colorimetric). Web fetch for sequence.
NanoLuc,Bioluminescent Reporter,,,513,171,,,E. coli/mammalian,Small engineered luciferase (19 kDa). Very bright. Uses furimazine substrate. Promega-developed. Web fetch for sequence.
iRFP713,Near-infrared Reporter,,,978,325,690,713,Mammalian,Bacterial phytochrome-derived near-infrared fluorescent protein. Requires biliverdin cofactor. Web fetch for sequence.
GFP,Fluorescent Reporter,ATGAGTAAAGGAGAAGAACTTTTCACTGGAGTTGTCCCAATTCTTGTTGAATTAGATGGTGATGTTAATGGGCACAAATTTTCTGTCAGTGGAGAGGGTGAAGGTGATGCAACATACGGAAAACTTACCCTTAAATTTATTTGCACTACTGGAAAACTACCTGTTCCATGGCCAACACTTGTCACTACTTTCTCTTATGGTGTTCAATGCTTTTCAAGATACCCAGATCATATGAAACGGCATGACTTTTTCAAGAGTGCCATGCCCGAAGGTTATGTACAGGAAAGAACTATATTTTTCAAAGATGACGGGAACTACAAGACACGTGCTGAAGTCAAGTTTGAAGGTGATACCCTTGTTAATAGAATCGAGTTAAAAGGTATTGATTTTAAAGAAGATGGAAACATTCTCGGACACAAACTCGAGTACAACTATAACTCACACAATGTATACATCATGGCAGACAAACAAAAGAATGGAATCAAAGTTAACTTCAAAATTAGACACAACATTGAAGATGGAAGCGTTCAACTAGCAGACCATTATCAACAAAATACTCCAATTGGCGATGGCCCTGTCCTTTTACCAGACAACCATTACCTGTCCACACAATCTGCCCTTTCGAAAGATCCCAACGAAAAGAGAGACCACATGGTCCTTCTTGAGTTTGTAACAGCTGCTGGGATTACACATGGCATGGATGAACTATACAAA,,720,239,395,509,E. coli/mammalian,Wild-type Aequorea victoria GFP. Excitation 395nm (major) and 475nm (minor). sfGFP alias. Slightly less bright than EGFP but well-characterized original sequence.
